#SampleID	BarcodeSequence	LinkerPrimerSequence	Location	TypeSample	Season	Original code	Description
C2P1W1	CTGCGGATATAC	GTGTGYCAGCMGCCGCGGTAA	R1	Seawater	Rainy_season	63W	C2P1W
C2P1W2	GCGCACACCTTC	GTGTGYCAGCMGCCGCGGTAA	R1	Seawater	Rainy_season	64W	C2P1W
C2P1W3	AACGGGCGACGT	GTGTGYCAGCMGCCGCGGTAA	R1	Seawater	Rainy_season	65W	C2P1W
C2P1W4	CTCCACATTCCT	GTGTGYCAGCMGCCGCGGTAA	R1	Seawater	Rainy_season	66W	C2P1W
C2P5W1	ATGTAGGCTTAG	GTGTGYCAGCMGCCGCGGTAA	R5	Seawater	Rainy_season	115W	C2P5W
C2P5W2	AGAGGAGTCGAC	GTGTGYCAGCMGCCGCGGTAA	R5	Seawater	Rainy_season	116W	C2P5W
C2P5W4	AATTTCCTAACA	GTGTGYCAGCMGCCGCGGTAA	R5	Seawater	Rainy_season	118W	C2P5W
C2P1HH1	GCCTAGCCCAAT	GTGTGYCAGCMGCCGCGGTAA	R1	Health_coral	Rainy_season	67HH	C2P1HH
C2P1HH2	GTTAGGGAGCGA	GTGTGYCAGCMGCCGCGGTAA	R1	Health_coral	Rainy_season	68HH	C2P1HH
C2P1HH3	TATACCGCTGCG	GTGTGYCAGCMGCCGCGGTAA	R1	Health_coral	Rainy_season	69HH	C2P1HH
C2P1HH4	CTTACACTGCTT	GTGTGYCAGCMGCCGCGGTAA	R1	Health_coral	Rainy_season	70HH	C2P1HH
C2P5HH1	AGGTGAGTTCTA	GTGTGYCAGCMGCCGCGGTAA	R5	Health_coral	Rainy_season	119MHHH	C2P5HH
C2P5HH2	AACGATCATAGA	GTGTGYCAGCMGCCGCGGTAA	R5	Health_coral	Rainy_season	120MHHH	C2P5HH
C2P5HH3	GTTTGGCCACAC	GTGTGYCAGCMGCCGCGGTAA	R5	Health_coral	Rainy_season	121MHHH	C2P5HH
C2P5HH4	GTCCTACACAGC	GTGTGYCAGCMGCCGCGGTAA	R5	Health_coral	Rainy_season	122MHHH	C2P5HH